<?xml version="1.0" encoding="UTF-8"?>
<project-private xmlns="http://www.netbeans.org/ns/project-private/1">
    <editor-bookmarks xmlns="http://www.netbeans.org/ns/editor-bookmarks/2" lastBookmarkId="0"/>
    <open-files xmlns="http://www.netbeans.org/ns/projectui-open-files/2">
        <group>
            <file>file:/C:/Users/HP/Documents/NetBeansProjects/JLexCompiler/src/jlexcompiler/LexerCup.flex</file>
            <file>file:/C:/Users/HP/Documents/NetBeansProjects/JLexCompiler/src/jlexcompiler/Lexicos.txt</file>
            <file>file:/C:/Users/HP/Documents/NetBeansProjects/JLexCompiler/src/jlexcompiler/Sintax.cup</file>
            <file>file:/C:/Users/HP/Documents/NetBeansProjects/JLexCompiler/src/jlexcompiler/archivo.txt</file>
            <file>file:/C:/Users/HP/Documents/NetBeansProjects/JLexCompiler/src/jlexcompiler/JLexCompiler.java</file>
            <file>file:/C:/Users/HP/Documents/NetBeansProjects/JLexCompiler/src/jlexcompiler/LexerCup.java</file>
            <file>file:/C:/Users/HP/Documents/NetBeansProjects/JLexCompiler/src/jlexcompiler/ErroresS.txt</file>
            <file>file:/C:/Users/HP/Documents/NetBeansProjects/JLexCompiler/src/jlexcompiler/Tokens.java</file>
            <file>file:/C:/Users/HP/Documents/NetBeansProjects/JLexCompiler/src/jlexcompiler/ErroresL.txt</file>
            <file>file:/C:/Users/HP/Documents/NetBeansProjects/JLexCompiler/src/jlexcompiler/Sintax.java</file>
            <file>file:/C:/Users/HP/Documents/NetBeansProjects/JLexCompiler/src/jlexcompiler/Lexer.java</file>
            <file>file:/C:/Users/HP/Documents/NetBeansProjects/JLexCompiler/src/jlexcompiler/Sintactico.txt</file>
        </group>
    </open-files>
</project-private>
